candidate_id,family_id,valid_60,card_count,unique_card_count,basic_pokemon,non_basic_pokemon,evolution_count,ex_count,mega_count,basic_energy,special_energy,energy_total,trainer_total,search_draw_count_heuristic,recovery_count_heuristic,opening_no_basic_probability,bench_redundancy_score,evolution_complexity_score,energy_ratio,pilot_complexity_score,no_pokemon_loss_risk,deckout_risk,previous_kaggle_score
combo_full_safety_v3_entrypoint_safe_local,unknown,True,60,11,8,4,4,4,4,29,0,29,19,15,0,0.34641,0.933,0.333,0.483,0.28,high,medium,
core_pilot_water_v1,unknown,True,60,11,8,4,4,4,4,29,0,29,19,15,0,0.34641,0.933,0.333,0.483,0.28,high,medium,
core_pilot_water_v1__ablate_no_active_scoring,unknown,True,60,11,8,4,4,4,4,29,0,29,19,15,0,0.34641,0.933,0.333,0.483,0.28,high,medium,
core_pilot_water_v1__ablate_no_bench_safety,unknown,True,60,11,8,4,4,4,4,29,0,29,19,15,0,0.34641,0.933,0.333,0.483,0.28,high,medium,
core_pilot_water_v1__ablate_no_deckout_guard,unknown,True,60,11,8,4,4,4,4,29,0,29,19,15,0,0.34641,0.933,0.333,0.483,0.28,high,medium,
core_pilot_water_v2_runtime,water,True,60,11,8,4,4,4,4,29,0,29,19,15,0,0.34641,0.933,0.333,0.483,0.28,high,medium,
core_pilot_water_v3_context,unknown,True,60,11,8,4,4,4,4,29,0,29,19,15,0,0.34641,0.933,0.333,0.483,0.28,high,medium,
deck12_lean_energy_more_tools,unknown,True,60,11,8,4,4,4,4,27,0,27,21,15,0,0.34641,0.933,0.333,0.45,0.28,high,medium,
deck12_less_draw_more_attack,unknown,True,60,11,8,4,4,4,4,33,0,33,15,11,0,0.34641,0.933,0.333,0.55,0.28,high,medium,
deck12_mega_signal_heavy,unknown,True,60,11,8,4,4,4,4,27,0,27,21,17,0,0.34641,0.933,0.333,0.45,0.28,high,medium,
deck12_no_secret_box,unknown,True,60,10,8,4,4,4,4,30,0,30,18,14,0,0.34641,0.933,0.333,0.5,0.267,high,medium,
deck12_powerglass_heavy,unknown,True,60,11,8,4,4,4,4,27,0,27,21,15,0,0.34641,0.933,0.333,0.45,0.28,high,medium,
deck_less_draw_more_attack,unknown,True,60,11,8,4,4,4,4,33,0,33,15,11,0,0.34641,0.933,0.333,0.55,0.28,high,medium,
deck_no_secret_box,unknown,True,60,10,8,4,4,4,4,30,0,30,18,14,0,0.34641,0.933,0.333,0.5,0.267,high,medium,
deckout_guard_v1,unknown,True,60,11,8,4,4,4,4,29,0,29,19,15,0,0.34641,0.933,0.333,0.483,0.28,high,medium,
effect_loop_exit_guard_v1,venusaur,True,60,13,4,6,6,3,3,21,0,21,29,20,2,0.6005,0.467,0.9,0.35,0.533,high,medium,
hybrid_guard_v1,unknown,True,60,11,8,4,4,4,4,29,0,29,19,15,0,0.34641,0.933,0.333,0.483,0.28,high,medium,
league_dragapult_spread,dragapult,True,60,14,6,9,9,4,0,17,0,17,28,20,4,0.45856,0.7,1.0,0.283,0.587,high,medium,
league_dragapult_spread_v1,unknown,True,60,14,6,9,9,4,0,17,0,17,28,20,4,0.45856,0.7,1.0,0.283,0.587,high,medium,
league_dragapult_v1_draw_only,dragapult,True,60,14,6,9,9,4,0,17,0,17,28,20,4,0.45856,0.7,1.0,0.283,0.587,high,medium,
league_dragapult_v1_search_only,dragapult,True,60,14,6,9,9,4,0,17,0,17,28,20,4,0.45856,0.7,1.0,0.283,0.587,high,medium,306.7
league_durant_deckout_carousel,durant,True,60,15,14,8,8,4,0,8,0,8,30,16,0,0.13859,1.633,0.364,0.133,0.346,high,medium,
league_mega_charizard_x_burst,charizard,True,60,14,6,6,6,5,3,18,0,18,30,23,2,0.45856,0.7,0.75,0.3,0.487,high,high,
league_mega_gardevoir_psychic_ramp,gardevoir,True,60,13,4,7,7,3,3,20,0,20,29,20,2,0.6005,0.467,0.909,0.333,0.537,high,medium,
league_mega_venusaur_tank,venusaur,True,60,13,4,6,6,3,3,21,0,21,29,20,2,0.6005,0.467,0.9,0.35,0.533,high,medium,
league_raging_bolt_consistency_v1,raging_bolt,True,60,12,8,0,0,8,0,28,0,28,24,22,2,0.34641,0.933,0.0,0.467,0.16,high,high,
league_raging_bolt_energy_attacker_v1,raging_bolt,True,60,12,8,0,0,8,0,30,0,30,22,20,2,0.34641,0.933,0.0,0.5,0.16,high,medium,
league_raging_bolt_ogerpon,raging_bolt,True,60,12,8,0,0,8,0,24,0,24,28,24,4,0.34641,0.933,0.0,0.4,0.16,high,high,
league_water_anti_disruption_pivot_v1,water,True,60,11,8,4,4,4,4,29,0,29,19,15,0,0.34641,0.933,0.333,0.483,0.28,high,medium,340.0
league_water_core_reference,water,True,60,11,8,4,4,4,4,29,0,29,19,15,0,0.34641,0.933,0.333,0.483,0.28,high,medium,219.5
pb12_attack_deadline,unknown,True,60,11,8,4,4,4,4,29,0,29,19,15,0,0.34641,0.933,0.333,0.483,0.28,high,medium,
pb12_bench_safety,unknown,True,60,11,8,4,4,4,4,29,0,29,19,15,0,0.34641,0.933,0.333,0.483,0.28,high,medium,
pb12_fast_evolution,unknown,True,60,11,8,4,4,4,4,29,0,29,19,15,0,0.34641,0.933,0.333,0.483,0.28,high,medium,
pb12_hybrid_tempo,unknown,True,60,11,8,4,4,4,4,29,0,29,19,15,0,0.34641,0.933,0.333,0.483,0.28,high,medium,
pb12_kyogre_tempo,unknown,True,60,11,8,4,4,4,4,29,0,29,19,15,0,0.34641,0.933,0.333,0.483,0.28,high,medium,
playbook_attack_deadline,unknown,True,60,11,8,4,4,4,4,29,0,29,19,15,0,0.34641,0.933,0.333,0.483,0.28,high,medium,
playbook_bench_safety,unknown,True,60,11,8,4,4,4,4,29,0,29,19,15,0,0.34641,0.933,0.333,0.483,0.28,high,medium,
playbook_fast_evolution,unknown,True,60,11,8,4,4,4,4,29,0,29,19,15,0,0.34641,0.933,0.333,0.483,0.28,high,medium,
playbook_hybrid_tempo,unknown,True,60,11,8,4,4,4,4,29,0,29,19,15,0,0.34641,0.933,0.333,0.483,0.28,high,medium,
playbook_kyogre_tempo,unknown,True,60,11,8,4,4,4,4,29,0,29,19,15,0,0.34641,0.933,0.333,0.483,0.28,high,medium,
prize_liability_guard_v1,unknown,True,60,11,8,4,4,4,4,29,0,29,19,15,0,0.34641,0.933,0.333,0.483,0.28,high,medium,
transfer12_metal_ex_zacian_ramp,unknown,True,60,12,16,0,0,14,3,30,0,30,14,12,3,0.09922,1.867,0.0,0.5,0.16,medium,low,
transfer12_unknown_ex_tempo,unknown,True,60,16,10,4,4,4,4,19,0,19,27,22,2,0.25863,1.167,0.286,0.317,0.328,high,high,
transfer12_water_maxbelt,unknown,True,60,9,6,4,4,4,4,35,0,35,15,10,0,0.45856,0.7,0.4,0.583,0.28,high,medium,
water_basic_density_v1,water,True,60,12,12,4,4,4,4,25,0,25,19,15,0,0.19065,1.4,0.25,0.417,0.26,high,medium,
water_basic_density_v2,water,True,60,13,16,4,4,4,4,21,0,21,19,15,0,0.09922,1.867,0.2,0.35,0.253,medium,medium,
